"","p.value","-log10","fdr"
"allantoin",2.07493800433077e-09,8.68299487474913,1.90894296398431e-07
"myristic acid",1.87618592196868e-07,6.7267241271061,8.63045524105594e-06
"3,5-dimethoxy-4-hydroxycinnamic acid",4.25381451540731e-07,6.37122145112613,1.12298879184631e-05
"L-homoserine",4.88255996454919e-07,6.31135241427402,1.12298879184631e-05
"threonic acid",1.26117367122802e-06,5.89922510433687,2.32055955505956e-05
"aspartic acid",2.20398673081245e-06,5.65679102449914,3.3794463205791e-05
"citric acid",2.9153405985886e-06,5.53531069941389,3.83159050100216e-05
"L-glutamic acid",4.72390958449849e-06,5.3256984233636,4.88391876710773e-05
"gamma-aminobutyric acid (GABA)",4.77774661999669e-06,5.32077688607529,4.88391876710773e-05
"L-valine",7.53230595355675e-06,5.1230720477575,6.44670777988983e-05
"1,3-diaminopropane",7.70802017160741e-06,5.11305715748229,6.44670777988983e-05
"elaidic acid",1.1629235687792e-05,4.93444882761739,8.91574736064057e-05
"fumaric acid",2.68945722448043e-05,4.57033535873289,0.000186240559873825
"D-malic acid",2.83409547634082e-05,4.54758552312543,0.000186240559873825
"glycerol 1-phosphate",3.10445497813895e-05,4.50801463405849,0.000190406571992522
"shikimic acid",5.20214517470694e-05,4.28381753224503,0.000299123347545649
"Beta- alanine",0.00012513724720276,3.90261340296087,0.000677213337803171
"galactinol",0.00014109346862978,3.85049308974458,0.000721144395218873
"quinic acid",0.000166498707568588,3.77858913331688,0.000806204268226846
"L-asparagine",0.000371880111641291,3.4295970473345,0.00171064851354994
"succinic acid",0.000452183500956335,3.34468528801972,0.00185759981917186
"L-threonine",0.000462133325404604,3.33523271246491,0.00185759981917186
"maleic acid",0.000464399954792964,3.33310783120988,0.00185759981917186
"dehydroascorbic acid",0.00122414809778789,2.91216603794103,0.00469256770818691
"adenosine",0.00152036527193234,2.81805205907709,0.00559494420071102
"beta-cyano-L-alanine",0.00170620706059005,2.76796826518789,0.00600720561733662
"Antiarol",0.00176298425726183,2.75375156575788,0.00600720561733662
"L-serine",0.00192152820213207,2.71635323704379,0.00631359266414824
"L-glutamine",0.00203968860807358,2.69043612969067,0.00647073627388861
"benzoquinone",0.00234669041400306,2.62954420071179,0.00701642534840277
"ferulic acid",0.00236423028044006,2.62631022463778,0.00701642534840277
"myo-inositol",0.00350645874237758,2.4551312667219,0.0100810688843355
"caffeic acid",0.00427020770150428,2.36955100051984,0.0117632781435305
"capric acid",0.00457141225467037,2.33994961182044,0.0117632781435305
"pantothenic acid",0.00459231092485367,2.33796871547574,0.0117632781435305
"5,6-dihydrouracil",0.00460302188225106,2.33695696051374,0.0117632781435305
"sedoheptulose anhydride monohydrate",0.00722028973301572,2.14144537487838,0.0179531528496607
"glyceric acid",0.00747508256290479,2.12638400615859,0.0180975683101906
"heptanoic acid",0.0106819546884198,1.97134926858847,0.0251984572137083
"fructose",0.0112444947256606,1.94906005492711,0.0258623378690194
"adenine",0.0152044166921246,1.81803023663467,0.0341172276994016
"tyrosine",0.016131458104483,1.79232637544359,0.0353355748955343
"Trehalose",0.0194631721996,1.7107863749358,0.0416402613037941
"Pyruvic acid",0.0199149075800755,1.70082170469811,0.0416402613037941
"beta-gentiobiose",0.0209452306289895,1.67891485323802,0.0427155422810988
"acetohydroxamic acid",0.0213577711405494,1.67044407148744,0.0427155422810988
"L-Isoleucine",0.0361100491777094,1.44237192011393,0.0694145129933917
"L-leucine",0.0362162676487261,1.44109630893871,0.0694145129933917
"3,4 dihydroxyphenylalanine (DOPA)",0.03781546688871,1.4223305332174,0.0710004684441085
"xylose",0.0433593498745729,1.36291723818559,0.0789111451753883
"4-hydroxybenzoic acid",0.0437442217820087,1.35907930524554,0.0789111451753883
"D-saccharic acid",0.0626563112891887,1.20303517654506,0.110853473819334
"glyoxylic acid",0.10661583985323,0.972178267637681,0.185069005028248
"L-proline",0.143127572572548,0.844276694244274,0.240435475675164
"D-glucose-6-phosphate",0.143738599588413,0.842426590688309,0.240435475675164
"benzoic acid",0.189032315024669,0.723463946952399,0.310553088969099
"3,4-dihydroxybenzoic acid ",0.206321450863735,0.685455616876813,0.333010061043222
"lauric acid",0.235410445770635,0.628174270295067,0.373409672601697
"glycerol",0.246467046110058,0.608241139872711,0.384321495629243
"serotonin",0.255068699206658,0.593342832632365,0.391105338783542
"stearic acid",0.282630426846794,0.548781085586028,0.426262283113198
"3-hydroxypyridine",0.307518207738708,0.512129165136215,0.452813378364248
"lactose",0.310078726488561,0.508528028298467,0.452813378364248
"2-hydroxypyridine",0.348230024583394,0.458133786496297,0.500580660338629
"4-hydroxycinnamic acid",0.381585294050495,0.418408370959003,0.540089954656085
"ribose",0.39984599572885,0.398107248881612,0.557361084955366
"Sucrose",0.432572408497844,0.363941185357599,0.591512258940456
"arachidic acid",0.437204713129903,0.35931516493991,0.591512258940456
"alpha ketoglutaric acid",0.518603561615313,0.285164504950844,0.682530200318684
"ethanolamine",0.524836057537081,0.279976335500829,0.682530200318684
"glycine",0.526735263289419,0.278407606002947,0.682530200318684
"pelargonic acid (nonanoic acid)",0.539071547752672,0.268353589670342,0.688813644350637
"D-mannitol",0.566781185108546,0.246584575042714,0.714299575753237
"4-hydroxy-3-methoxybenzoic acid",0.595110473174112,0.225402406647151,0.737964725570769
"spermidine",0.609380517670602,0.215111434595465,0.737964725570769
"palmitic acid",0.615278228653073,0.210928451957503,0.737964725570769
"L-lysine",0.617644389879883,0.209261498962626,0.737964725570769
"L-tryptophan",0.626678549403119,0.202955170523093,0.739159314680601
"phosphoric acid",0.662610114307138,0.178741939184132,0.768216937739596
"maltose",0.668014728469214,0.175213962041834,0.768216937739596
"1,6-anhydro-glucose ",0.709237811421945,0.149208119018435,0.805554057417518
"trans-aconitic acid",0.725278540736793,0.139495172086672,0.808259658676342
"L-mimosine",0.729190779023221,0.137158831850101,0.808259658676342
"itaconic acid",0.820185556608404,0.0860878828667496,0.880217408220073
"L-alanine",0.8213881797411,0.0854515511903669,0.880217408220073
"oxalic acid",0.822811925075286,0.0846994226690212,0.880217408220073
"arbutin",0.868458273286262,0.0612510432121184,0.918369668302714
"benzene-1,2,4-triol ",0.88892075665644,0.0511369527314285,0.929326245595369
"D-mannose",0.941716105037356,0.0260800023008573,0.96292915163888
"D-glucose",0.941995909211948,0.0259509832055678,0.96292915163888
"eicosapentaenoic acid",0.988486929152698,0.00502906902546097,0.99586070980592
"nicotinic acid",0.99586070980592,0.00180140172994069,0.99586070980592
